[
{
  "model": "webapp.project",
  "pk": 3,
  "fields": {
    "name": "vfdv",
    "description": "dfd",
    "created_at": "2019-10-09T17:48:07.521Z",
    "updated_at": "2019-11-14T12:19:24.639Z"
  }
},
{
  "model": "webapp.project",
  "pk": 4,
  "fields": {
    "name": "project2",
    "description": "The second project",
    "created_at": "2019-10-09T17:48:25.261Z",
    "updated_at": "2019-10-09T17:48:25.262Z"
  }
},
{
  "model": "webapp.project",
  "pk": 5,
  "fields": {
    "name": "project3",
    "description": "The third project",
    "created_at": "2019-10-09T17:48:40.842Z",
    "updated_at": "2019-10-09T17:48:40.842Z"
  }
},
{
  "model": "webapp.project",
  "pk": 8,
  "fields": {
    "name": "Testuser",
    "description": "gdfg",
    "created_at": "2019-11-13T07:28:52.427Z",
    "updated_at": "2019-11-13T07:28:52.427Z"
  }
},
{
  "model": "webapp.project",
  "pk": 9,
  "fields": {
    "name": "zaz",
    "description": "",
    "created_at": "2019-11-13T08:21:03.281Z",
    "updated_at": "2019-11-13T08:21:03.281Z"
  }
},
{
  "model": "webapp.project",
  "pk": 10,
  "fields": {
    "name": "zaz",
    "description": "",
    "created_at": "2019-11-13T08:21:23.927Z",
    "updated_at": "2019-11-13T08:21:23.928Z"
  }
},
{
  "model": "webapp.project",
  "pk": 11,
  "fields": {
    "name": "zaz",
    "description": "",
    "created_at": "2019-11-13T08:21:27.630Z",
    "updated_at": "2019-11-13T08:21:27.630Z"
  }
},
{
  "model": "webapp.project",
  "pk": 12,
  "fields": {
    "name": "zaz",
    "description": "",
    "created_at": "2019-11-13T08:25:48.893Z",
    "updated_at": "2019-11-13T08:25:48.893Z"
  }
},
{
  "model": "webapp.project",
  "pk": 13,
  "fields": {
    "name": "zaz1",
    "description": "",
    "created_at": "2019-11-13T08:26:37.620Z",
    "updated_at": "2019-11-13T08:26:37.620Z"
  }
},
{
  "model": "webapp.project",
  "pk": 14,
  "fields": {
    "name": "zaz1",
    "description": "",
    "created_at": "2019-11-13T08:27:18.249Z",
    "updated_at": "2019-11-13T08:27:18.249Z"
  }
},
{
  "model": "webapp.project",
  "pk": 15,
  "fields": {
    "name": "aziz",
    "description": "gsf",
    "created_at": "2019-11-13T08:32:31.094Z",
    "updated_at": "2019-11-13T08:32:31.094Z"
  }
},
{
  "model": "webapp.project",
  "pk": 16,
  "fields": {
    "name": "aziz",
    "description": "",
    "created_at": "2019-11-13T08:35:33.865Z",
    "updated_at": "2019-11-13T08:35:33.865Z"
  }
},
{
  "model": "webapp.project",
  "pk": 17,
  "fields": {
    "name": "fgsfdg",
    "description": "",
    "created_at": "2019-11-13T08:36:47.244Z",
    "updated_at": "2019-11-13T08:36:47.244Z"
  }
},
{
  "model": "webapp.project",
  "pk": 18,
  "fields": {
    "name": "fgdfg",
    "description": "dfsdf",
    "created_at": "2019-11-13T08:38:48.508Z",
    "updated_at": "2019-11-13T08:38:48.508Z"
  }
},
{
  "model": "webapp.project",
  "pk": 19,
  "fields": {
    "name": "fbfbd",
    "description": "",
    "created_at": "2019-11-13T08:39:26.187Z",
    "updated_at": "2019-11-13T08:39:26.187Z"
  }
},
{
  "model": "webapp.project",
  "pk": 21,
  "fields": {
    "name": "sfgsfg",
    "description": "sf",
    "created_at": "2019-11-13T08:50:09.117Z",
    "updated_at": "2019-11-13T08:50:09.117Z"
  }
},
{
  "model": "webapp.project",
  "pk": 22,
  "fields": {
    "name": "gfhfgh",
    "description": "",
    "created_at": "2019-11-13T08:53:02.511Z",
    "updated_at": "2019-11-13T08:53:02.511Z"
  }
},
{
  "model": "webapp.project",
  "pk": 23,
  "fields": {
    "name": "fgdfg",
    "description": "dfsdf",
    "created_at": "2019-11-13T08:53:13.465Z",
    "updated_at": "2019-11-13T08:53:13.465Z"
  }
},
{
  "model": "webapp.project",
  "pk": 24,
  "fields": {
    "name": "azamat",
    "description": "",
    "created_at": "2019-11-13T10:31:09.930Z",
    "updated_at": "2019-11-13T10:31:09.930Z"
  }
},
{
  "model": "webapp.project",
  "pk": 25,
  "fields": {
    "name": "azamat",
    "description": "",
    "created_at": "2019-11-13T10:31:39.769Z",
    "updated_at": "2019-11-13T10:31:39.769Z"
  }
},
{
  "model": "webapp.project",
  "pk": 26,
  "fields": {
    "name": "Tetat",
    "description": "",
    "created_at": "2019-11-13T10:32:14.555Z",
    "updated_at": "2019-11-13T10:32:14.556Z"
  }
},
{
  "model": "webapp.project",
  "pk": 27,
  "fields": {
    "name": "Twtwt",
    "description": "fvdf",
    "created_at": "2019-11-13T10:34:39.574Z",
    "updated_at": "2019-11-13T10:34:39.574Z"
  }
},
{
  "model": "webapp.project",
  "pk": 28,
  "fields": {
    "name": "asdasd",
    "description": "asda",
    "created_at": "2019-11-13T10:38:48.695Z",
    "updated_at": "2019-11-13T10:38:48.695Z"
  }
},
{
  "model": "webapp.project",
  "pk": 29,
  "fields": {
    "name": "gsfgsfg",
    "description": "fsdfsdfs",
    "created_at": "2019-11-13T11:32:08.130Z",
    "updated_at": "2019-11-13T11:32:08.131Z"
  }
},
{
  "model": "webapp.project",
  "pk": 30,
  "fields": {
    "name": "ngdndg",
    "description": "dgdfgsdf",
    "created_at": "2019-11-13T11:33:32.305Z",
    "updated_at": "2019-11-13T11:33:32.305Z"
  }
},
{
  "model": "webapp.task",
  "pk": 4,
  "fields": {
    "project": 5,
    "summary": "task4",
    "description": "the fourth task1sdfdscncv",
    "status": 3,
    "type": 1,
    "created_at": "2019-09-26T05:01:27.424Z",
    "created_by": 1,
    "assigned_to": null
  }
},
{
  "model": "webapp.task",
  "pk": 11,
  "fields": {
    "project": 4,
    "summary": "test",
    "description": "test",
    "status": 14,
    "type": 1,
    "created_at": "2019-09-26T11:45:12.981Z",
    "created_by": 1,
    "assigned_to": null
  }
},
{
  "model": "webapp.task",
  "pk": 15,
  "fields": {
    "project": 3,
    "summary": "task1",
    "description": "klnvslkfnvdfklnbvldfbf",
    "status": 3,
    "type": 1,
    "created_at": "2019-08-09T17:49:47.051Z",
    "created_by": 1,
    "assigned_to": null
  }
},
{
  "model": "webapp.task",
  "pk": 16,
  "fields": {
    "project": 4,
    "summary": "task4",
    "description": "dlknvfklvndfkvd",
    "status": 3,
    "type": 2,
    "created_at": "2019-08-09T17:50:25.005Z",
    "created_by": 1,
    "assigned_to": null
  }
},
{
  "model": "webapp.task",
  "pk": 17,
  "fields": {
    "project": 5,
    "summary": "task6",
    "description": "ergegetgetger",
    "status": 3,
    "type": 3,
    "created_at": "2019-10-09T17:50:42.295Z",
    "created_by": 1,
    "assigned_to": null
  }
},
{
  "model": "webapp.task",
  "pk": 18,
  "fields": {
    "project": 3,
    "summary": "test",
    "description": "trhtrhrtflmvdfl;mv;dl;dfmvd",
    "status": 1,
    "type": 1,
    "created_at": "2019-10-10T06:21:30.255Z",
    "created_by": 1,
    "assigned_to": null
  }
},
{
  "model": "webapp.task",
  "pk": 19,
  "fields": {
    "project": 4,
    "summary": "task ask",
    "description": "lkfnvvlkdfnvd",
    "status": 3,
    "type": 3,
    "created_at": "2019-10-14T11:09:24.095Z",
    "created_by": 1,
    "assigned_to": null
  }
},
{
  "model": "webapp.task",
  "pk": 20,
  "fields": {
    "project": 3,
    "summary": "jnjk",
    "description": "onoknokm",
    "status": 3,
    "type": 2,
    "created_at": "2019-10-14T12:54:32.660Z",
    "created_by": 1,
    "assigned_to": null
  }
},
{
  "model": "webapp.task",
  "pk": 21,
  "fields": {
    "project": 3,
    "summary": "test",
    "description": "dfvvdfv",
    "status": 3,
    "type": 2,
    "created_at": "2019-10-24T08:54:36.953Z",
    "created_by": 1,
    "assigned_to": null
  }
},
{
  "model": "webapp.task",
  "pk": 22,
  "fields": {
    "project": 3,
    "summary": "task6",
    "description": "dgsdfgsf",
    "status": 2,
    "type": 1,
    "created_at": "2019-10-28T11:46:57.388Z",
    "created_by": 1,
    "assigned_to": null
  }
},
{
  "model": "webapp.task",
  "pk": 23,
  "fields": {
    "project": 3,
    "summary": "testuser",
    "description": "fgdfgsfgsf",
    "status": 1,
    "type": 1,
    "created_at": "2019-11-07T08:24:33.289Z",
    "created_by": 1,
    "assigned_to": 18
  }
},
{
  "model": "webapp.task",
  "pk": 24,
  "fields": {
    "project": 4,
    "summary": "testuser2",
    "description": "sfsssd",
    "status": 2,
    "type": 1,
    "created_at": "2019-11-07T08:31:59.298Z",
    "created_by": 1,
    "assigned_to": 18
  }
},
{
  "model": "webapp.task",
  "pk": 25,
  "fields": {
    "project": 3,
    "summary": "tettetet",
    "description": "tetettet",
    "status": 3,
    "type": 1,
    "created_at": "2019-11-07T08:35:13.816Z",
    "created_by": 3,
    "assigned_to": 17
  }
},
{
  "model": "webapp.task",
  "pk": 26,
  "fields": {
    "project": 4,
    "summary": "test",
    "description": "",
    "status": 14,
    "type": 2,
    "created_at": "2019-11-07T11:45:36.654Z",
    "created_by": 1,
    "assigned_to": 15
  }
},
{
  "model": "webapp.task",
  "pk": 27,
  "fields": {
    "project": 3,
    "summary": "test 2.0",
    "description": "",
    "status": 2,
    "type": 1,
    "created_at": "2019-11-07T11:48:19.545Z",
    "created_by": 1,
    "assigned_to": 13
  }
},
{
  "model": "webapp.status",
  "pk": 1,
  "fields": {
    "name": "new"
  }
},
{
  "model": "webapp.status",
  "pk": 2,
  "fields": {
    "name": "in_progress"
  }
},
{
  "model": "webapp.status",
  "pk": 3,
  "fields": {
    "name": "done"
  }
},
{
  "model": "webapp.status",
  "pk": 14,
  "fields": {
    "name": "unknown"
  }
},
{
  "model": "webapp.type",
  "pk": 1,
  "fields": {
    "name": "task"
  }
},
{
  "model": "webapp.type",
  "pk": 2,
  "fields": {
    "name": "bug"
  }
},
{
  "model": "webapp.type",
  "pk": 3,
  "fields": {
    "name": "enhancement"
  }
}
]
